Название;Ссылка;Цена;Местонахождение
Chery Tiggo 4, 2021;https://www.avito.ru/sankt-peterburg/avtomobili/chery_tiggo_4_2021_2124412952;1299900;Московская
Chery Tiggo 4, 2021;https://www.avito.ru/sankt-peterburg/avtomobili/chery_tiggo_4_2021_2060854890;1139900;Московская
Chery Tiggo 4, 2021;https://www.avito.ru/sankt-peterburg/avtomobili/chery_tiggo_4_2021_2253570415;1219900;Волхонское ш., 3с1
Chery Tiggo (T11), 2007;https://www.avito.ru/sankt-peterburg/avtomobili/chery_tiggo_t11_2007_2283064464;221000;Ленинский проспект
Chery Tiggo 7 Pro, 2021;https://www.avito.ru/sankt-peterburg/avtomobili/chery_tiggo_7_pro_2021_1987310883;1759900;Волковская
Chery Tiggo 4, 2021;https://www.avito.ru/sankt-peterburg/avtomobili/chery_tiggo_4_2021_2147680341;1169900;Волковская
Chery Tiggo 7 Pro, 2021;https://www.avito.ru/sankt-peterburg/avtomobili/chery_tiggo_7_pro_2021_2083798200;1759900;Волковская
Chery Tiggo (T11), 2014;https://www.avito.ru/sankt-peterburg/avtomobili/chery_tiggo_t11_2014_2290125141;499000;Московская
Chery Tiggo 4, 2021;https://www.avito.ru/sankt-peterburg/avtomobili/chery_tiggo_4_2021_1955875497;1469900;Волковская
Chery Tiggo 4, 2021;https://www.avito.ru/sankt-peterburg/avtomobili/chery_tiggo_4_2021_2060861948;1139900;Московская
Chery Tiggo 7 Pro, 2021;https://www.avito.ru/sankt-peterburg/avtomobili/chery_tiggo_7_pro_2021_1987310883;1759900;Санкт-Петербург
Chery Tiggo 4, 2021;https://www.avito.ru/sankt-peterburg/avtomobili/chery_tiggo_4_2021_1795508331;1409900;Санкт-Петербург
Chery Tiggo 7 Pro, 2021;https://www.avito.ru/sankt-peterburg/avtomobili/chery_tiggo_7_pro_2021_2083798200;1759900;Санкт-Петербург
Chery Tiggo 4, 2021;https://www.avito.ru/sankt-peterburg/avtomobili/chery_tiggo_4_2021_2124073413;1299900;Московская
Chery Tiggo 4, 2021;https://www.avito.ru/sankt-peterburg/avtomobili/chery_tiggo_4_2021_2124414403;1229900;Московская
Chery Tiggo 4, 2021;https://www.avito.ru/sankt-peterburg/avtomobili/chery_tiggo_4_2021_2147680341;1169900;Волковская
Chery Tiggo 4, 2021;https://www.avito.ru/sankt-peterburg/avtomobili/chery_tiggo_4_2021_2124412952;1299900;Московская
Chery Tiggo 4, 2021;https://www.avito.ru/sankt-peterburg/avtomobili/chery_tiggo_4_2021_2124414403;1229900;Московская
Chery Tiggo 4, 2021;https://www.avito.ru/sankt-peterburg/avtomobili/chery_tiggo_4_2021_1955875497;1469900;Волковская
Chery Tiggo 4, 2021;https://www.avito.ru/sankt-peterburg/avtomobili/chery_tiggo_4_2021_2060861948;1139900;Московская
Chery Tiggo 4, 2021;https://www.avito.ru/sankt-peterburg/avtomobili/chery_tiggo_4_2021_2060124263;1229900;Московская
Chery QQ6 (S21), 2008;https://www.avito.ru/sankt-peterburg/avtomobili/chery_qq6_s21_2008_2282746225;110000;Приморская
Chery Tiggo 4, 2021;https://www.avito.ru/sankt-peterburg/avtomobili/chery_tiggo_4_2021_1795508331;1409900;Волковская
Chery Tiggo 4, 2021;https://www.avito.ru/sankt-peterburg/avtomobili/chery_tiggo_4_2021_2188822962;1429900;Московская
Chery Tiggo 4, 2021;https://www.avito.ru/sankt-peterburg/avtomobili/chery_tiggo_4_2021_2124190184;1429900;Московская
Chery Tiggo (T11), 2014;https://www.avito.ru/sankt-peterburg/avtomobili/chery_tiggo_t11_2014_2290125141;499000;Московская
Chery Tiggo 4, 2021;https://www.avito.ru/sankt-peterburg/avtomobili/chery_tiggo_4_2021_2124364965;1429900;Московская
Chery Tiggo 4, 2021;https://www.avito.ru/sankt-peterburg/avtomobili/chery_tiggo_4_2021_2124605929;1229900;Московская
Chery IndiS (S18D), 2012;https://www.avito.ru/sankt-peterburg/avtomobili/chery_indis_s18d_2012_2295987679;230000;Елизаровская
Chery Tiggo 4, 2021;https://www.avito.ru/sankt-peterburg/avtomobili/chery_tiggo_4_2021_2060378116;1139900;Московская
Chery Bonus 3 (E3), 2016;https://www.avito.ru/sankt-peterburg/avtomobili/chery_bonus_3_e3_2016_2245651516;409000;Выборгская
Chery Tiggo 4, 2021;https://www.avito.ru/sankt-peterburg/avtomobili/chery_tiggo_4_2021_2124263846;1299900;Московская
Chery Tiggo 4, 2019;https://www.avito.ru/sankt-peterburg/avtomobili/chery_tiggo_4_2019_2279601706;1200000;Купчино
Chery Tiggo (T11), 2014;https://www.avito.ru/sankt-peterburg/avtomobili/chery_tiggo_t11_2014_2247311012;520000;Проспект Просвещения
Chery Tiggo (T11), 2010;https://www.avito.ru/sankt-peterburg/avtomobili/chery_tiggo_t11_2010_2297295758;275774;Адмиралтейская
Chery Fora (A21), 2007;https://www.avito.ru/sankt-peterburg/avtomobili/chery_fora_a21_2007_2261760806;131250;Волковская
Chery Tiggo 4, 2021;https://www.avito.ru/moskva/avtomobili/chery_tiggo_4_2021_2282598283;750000;Москва
Chery Tiggo 8 Pro, 2021;https://www.avito.ru/moskva/avtomobili/chery_tiggo_8_pro_2021_2314298182;1359900;Москва
Chery Tiggo 4, 2021;https://www.avito.ru/sankt-peterburg/avtomobili/chery_tiggo_4_2021_2060789910;1479900;Московская
Chery Tiggo 4, 2021;https://www.avito.ru/moskva/avtomobili/chery_tiggo_4_2021_2191257994;549000;Москва
Chery Tiggo 4, 2021;https://www.avito.ru/moskva/avtomobili/chery_tiggo_4_2021_2223271469;529000;Москва
Chery Tiggo 5, 2017;https://www.avito.ru/moskva/avtomobili/chery_tiggo_5_2017_2223881736;699000;Москва
Chery Tiggo 4, 2021;https://www.avito.ru/krasnodar/avtomobili/chery_tiggo_4_2021_2305193288;1395000;Краснодар
Chery Tiggo 7 Pro, 2021;https://www.avito.ru/moskva/avtomobili/chery_tiggo_7_pro_2021_2250796453;929000;Москва
Chery Tiggo 7 Pro, 2021;https://www.avito.ru/moskva/avtomobili/chery_tiggo_7_pro_2021_2250871399;959900;Москва
Chery Tiggo (T11), 2013;https://www.avito.ru/sterlitamak/avtomobili/chery_tiggo_t11_2013_2245241721;455000;Стерлитамак
Chery CrossEastar (B14), 2008;https://www.avito.ru/vologda/avtomobili/chery_crosseastar_b14_2008_2288526169;360000;Вологда
Chery Tiggo 4, 2021;https://www.avito.ru/moskva/avtomobili/chery_tiggo_4_2021_2250482201;769000;Москва
Chery Tiggo 4, 2021;https://www.avito.ru/moskva/avtomobili/chery_tiggo_4_2021_2282078856;494000;Москва
Chery Tiggo 7 Pro, 2021;https://www.avito.ru/moskva/avtomobili/chery_tiggo_7_pro_2021_2191810124;949000;Москва
Chery Kimo (A1), 2009;https://www.avito.ru/sankt-peterburg_pushkin/avtomobili/chery_kimo_a1_2009_2271828846;130000;Пушкин
Chery Fora (A21), 2007;https://www.avito.ru/volgograd/avtomobili/chery_fora_a21_2007_2253493762;293000;Волгоград
Chery Tiggo 4, 2021;https://www.avito.ru/nizhniy_novgorod/avtomobili/chery_tiggo_4_2021_2289529470;1131000;Нижний Новгород
Chery M11 (A3), 2013;https://www.avito.ru/sankt-peterburg/avtomobili/chery_m11_a3_2013_2283822466;315000;Звёздная
Chery Tiggo 8 Pro, 2021;https://www.avito.ru/moskva/avtomobili/chery_tiggo_8_pro_2021_2265618669;1080000;Москва
Chery Tiggo (T11), 2008;https://www.avito.ru/sankt-peterburg/avtomobili/chery_tiggo_t11_2008_2273272465;199700;Автово
Chery Tiggo 5, 2015;https://www.avito.ru/moskva/avtomobili/chery_tiggo_5_2015_2254929599;600000;Москва
Chery Tiggo 8, 2020;https://www.avito.ru/himki/avtomobili/chery_tiggo_8_2020_2270931131;1939000;Химки
Chery Tiggo 4, 2021;https://www.avito.ru/moskva/avtomobili/chery_tiggo_4_2021_2233676366;494000;Москва
Chery Tiggo 4, 2021;https://www.avito.ru/sankt-peterburg/avtomobili/chery_tiggo_4_2021_2124412952;1299900;Московская
Chery Tiggo 4, 2021;https://www.avito.ru/sankt-peterburg/avtomobili/chery_tiggo_4_2021_2060854890;1139900;Московская
Chery Tiggo 4, 2021;https://www.avito.ru/sankt-peterburg/avtomobili/chery_tiggo_4_2021_2253570415;1219900;Волхонское ш., 3с1
Chery Tiggo (T11), 2007;https://www.avito.ru/sankt-peterburg/avtomobili/chery_tiggo_t11_2007_2283064464;221000;Ленинский проспект
Chery Tiggo 7 Pro, 2021;https://www.avito.ru/sankt-peterburg/avtomobili/chery_tiggo_7_pro_2021_1987310883;1759900;Волковская
Chery Tiggo 4, 2021;https://www.avito.ru/sankt-peterburg/avtomobili/chery_tiggo_4_2021_2147680341;1169900;Волковская
Chery Tiggo 7 Pro, 2021;https://www.avito.ru/sankt-peterburg/avtomobili/chery_tiggo_7_pro_2021_2083798200;1759900;Волковская
Chery Tiggo (T11), 2014;https://www.avito.ru/sankt-peterburg/avtomobili/chery_tiggo_t11_2014_2290125141;499000;Московская
Chery Tiggo 4, 2021;https://www.avito.ru/sankt-peterburg/avtomobili/chery_tiggo_4_2021_1955875497;1469900;Волковская
Chery Tiggo 4, 2021;https://www.avito.ru/sankt-peterburg/avtomobili/chery_tiggo_4_2021_2060861948;1139900;Московская
Chery Tiggo 7 Pro, 2021;https://www.avito.ru/sankt-peterburg/avtomobili/chery_tiggo_7_pro_2021_1987310883;1759900;Санкт-Петербург
Chery Tiggo 4, 2021;https://www.avito.ru/sankt-peterburg/avtomobili/chery_tiggo_4_2021_1795508331;1409900;Санкт-Петербург
Chery Tiggo 7 Pro, 2021;https://www.avito.ru/sankt-peterburg/avtomobili/chery_tiggo_7_pro_2021_2083798200;1759900;Санкт-Петербург
Chery Tiggo 4, 2021;https://www.avito.ru/sankt-peterburg/avtomobili/chery_tiggo_4_2021_2124073413;1299900;Московская
Chery Tiggo 4, 2021;https://www.avito.ru/sankt-peterburg/avtomobili/chery_tiggo_4_2021_2124414403;1229900;Московская
Chery Tiggo 4, 2021;https://www.avito.ru/sankt-peterburg/avtomobili/chery_tiggo_4_2021_2147680341;1169900;Волковская
Chery Tiggo 4, 2021;https://www.avito.ru/sankt-peterburg/avtomobili/chery_tiggo_4_2021_2124412952;1299900;Московская
Chery Tiggo 4, 2021;https://www.avito.ru/sankt-peterburg/avtomobili/chery_tiggo_4_2021_2124414403;1229900;Московская
Chery Tiggo 4, 2021;https://www.avito.ru/sankt-peterburg/avtomobili/chery_tiggo_4_2021_1955875497;1469900;Волковская
Chery Tiggo 4, 2021;https://www.avito.ru/sankt-peterburg/avtomobili/chery_tiggo_4_2021_2060861948;1139900;Московская
Chery Tiggo 4, 2021;https://www.avito.ru/sankt-peterburg/avtomobili/chery_tiggo_4_2021_2060124263;1229900;Московская
Chery QQ6 (S21), 2008;https://www.avito.ru/sankt-peterburg/avtomobili/chery_qq6_s21_2008_2282746225;110000;Приморская
Chery Tiggo 4, 2021;https://www.avito.ru/sankt-peterburg/avtomobili/chery_tiggo_4_2021_1795508331;1409900;Волковская
Chery Tiggo 4, 2021;https://www.avito.ru/sankt-peterburg/avtomobili/chery_tiggo_4_2021_2188822962;1429900;Московская
Chery Tiggo 4, 2021;https://www.avito.ru/sankt-peterburg/avtomobili/chery_tiggo_4_2021_2124190184;1429900;Московская
Chery Tiggo (T11), 2014;https://www.avito.ru/sankt-peterburg/avtomobili/chery_tiggo_t11_2014_2290125141;499000;Московская
Chery Tiggo 4, 2021;https://www.avito.ru/sankt-peterburg/avtomobili/chery_tiggo_4_2021_2124364965;1429900;Московская
Chery Tiggo 4, 2021;https://www.avito.ru/sankt-peterburg/avtomobili/chery_tiggo_4_2021_2124605929;1229900;Московская
Chery IndiS (S18D), 2012;https://www.avito.ru/sankt-peterburg/avtomobili/chery_indis_s18d_2012_2295987679;230000;Елизаровская
Chery Tiggo 4, 2021;https://www.avito.ru/sankt-peterburg/avtomobili/chery_tiggo_4_2021_2060378116;1139900;Московская
Chery Bonus 3 (E3), 2016;https://www.avito.ru/sankt-peterburg/avtomobili/chery_bonus_3_e3_2016_2245651516;409000;Выборгская
Chery Tiggo 4, 2021;https://www.avito.ru/sankt-peterburg/avtomobili/chery_tiggo_4_2021_2124263846;1299900;Московская
Chery Tiggo 4, 2019;https://www.avito.ru/sankt-peterburg/avtomobili/chery_tiggo_4_2019_2279601706;1200000;Купчино
Chery Tiggo (T11), 2014;https://www.avito.ru/sankt-peterburg/avtomobili/chery_tiggo_t11_2014_2247311012;520000;Проспект Просвещения
Chery Tiggo (T11), 2010;https://www.avito.ru/sankt-peterburg/avtomobili/chery_tiggo_t11_2010_2297295758;275774;Адмиралтейская
Chery Fora (A21), 2007;https://www.avito.ru/sankt-peterburg/avtomobili/chery_fora_a21_2007_2261760806;131250;Волковская
Chery Tiggo 4, 2021;https://www.avito.ru/moskva/avtomobili/chery_tiggo_4_2021_2282598283;750000;Москва
Chery Tiggo 8 Pro, 2021;https://www.avito.ru/moskva/avtomobili/chery_tiggo_8_pro_2021_2314298182;1359900;Москва
Chery Tiggo 4, 2021;https://www.avito.ru/sankt-peterburg/avtomobili/chery_tiggo_4_2021_2060789910;1479900;Московская
Chery Tiggo 4, 2021;https://www.avito.ru/moskva/avtomobili/chery_tiggo_4_2021_2191257994;549000;Москва
Chery Tiggo 4, 2021;https://www.avito.ru/moskva/avtomobili/chery_tiggo_4_2021_2223271469;529000;Москва
Chery Tiggo 5, 2017;https://www.avito.ru/moskva/avtomobili/chery_tiggo_5_2017_2223881736;699000;Москва
Chery Tiggo 4, 2021;https://www.avito.ru/krasnodar/avtomobili/chery_tiggo_4_2021_2305193288;1395000;Краснодар
Chery Tiggo 7 Pro, 2021;https://www.avito.ru/moskva/avtomobili/chery_tiggo_7_pro_2021_2250796453;929000;Москва
Chery Tiggo 7 Pro, 2021;https://www.avito.ru/moskva/avtomobili/chery_tiggo_7_pro_2021_2250871399;959900;Москва
Chery Tiggo (T11), 2013;https://www.avito.ru/sterlitamak/avtomobili/chery_tiggo_t11_2013_2245241721;455000;Стерлитамак
Chery CrossEastar (B14), 2008;https://www.avito.ru/vologda/avtomobili/chery_crosseastar_b14_2008_2288526169;360000;Вологда
Chery Tiggo 4, 2021;https://www.avito.ru/moskva/avtomobili/chery_tiggo_4_2021_2250482201;769000;Москва
Chery Tiggo 4, 2021;https://www.avito.ru/moskva/avtomobili/chery_tiggo_4_2021_2282078856;494000;Москва
Chery Tiggo 7 Pro, 2021;https://www.avito.ru/moskva/avtomobili/chery_tiggo_7_pro_2021_2191810124;949000;Москва
Chery Kimo (A1), 2009;https://www.avito.ru/sankt-peterburg_pushkin/avtomobili/chery_kimo_a1_2009_2271828846;130000;Пушкин
Chery Fora (A21), 2007;https://www.avito.ru/volgograd/avtomobili/chery_fora_a21_2007_2253493762;293000;Волгоград
Chery Tiggo 4, 2021;https://www.avito.ru/nizhniy_novgorod/avtomobili/chery_tiggo_4_2021_2289529470;1131000;Нижний Новгород
Chery M11 (A3), 2013;https://www.avito.ru/sankt-peterburg/avtomobili/chery_m11_a3_2013_2283822466;315000;Звёздная
Chery Tiggo 8 Pro, 2021;https://www.avito.ru/moskva/avtomobili/chery_tiggo_8_pro_2021_2265618669;1080000;Москва
Chery Tiggo (T11), 2008;https://www.avito.ru/sankt-peterburg/avtomobili/chery_tiggo_t11_2008_2273272465;199700;Автово
Chery Tiggo 5, 2015;https://www.avito.ru/moskva/avtomobili/chery_tiggo_5_2015_2254929599;600000;Москва
Chery Tiggo 8, 2020;https://www.avito.ru/himki/avtomobili/chery_tiggo_8_2020_2270931131;1939000;Химки
Chery Tiggo 4, 2021;https://www.avito.ru/moskva/avtomobili/chery_tiggo_4_2021_2233676366;494000;Москва
Chery Tiggo 4, 2021;https://www.avito.ru/moskva/avtomobili/chery_tiggo_4_2021_2200897110;494000;Москва
Chery Tiggo 5, 2018;https://www.avito.ru/sankt-peterburg/avtomobili/chery_tiggo_5_2018_2172895457;1100000;р-н Красносельский
Chery Fora (A21), 2006;https://www.avito.ru/sankt-peterburg_peterhof/avtomobili/chery_fora_a21_2006_2275169512;101000;Петергоф
Chery Tiggo 4, 2021;https://www.avito.ru/moskva/avtomobili/chery_tiggo_4_2021_2255086604;490000;Москва
Chery Tiggo 7 Pro, 2021;https://www.avito.ru/moskva/avtomobili/chery_tiggo_7_pro_2021_2264914131;929000;Москва
Chery Tiggo 8 Pro, 2021;https://www.avito.ru/sankt-peterburg/avtomobili/chery_tiggo_8_pro_2021_2156536695;1869900;Московская
Chery Tiggo 7 Pro, 2021;https://www.avito.ru/moskva/avtomobili/chery_tiggo_7_pro_2021_2191666559;930000;Москва
Chery Tiggo 4, 2021;https://www.avito.ru/sankt-peterburg/avtomobili/chery_tiggo_4_2021_2124412952;1299900;Московская
Chery Tiggo 4, 2021;https://www.avito.ru/sankt-peterburg/avtomobili/chery_tiggo_4_2021_2147680341;1169900;Волковская
Chery Tiggo 4, 2021;https://www.avito.ru/sankt-peterburg/avtomobili/chery_tiggo_4_2021_2060854890;1139900;Московская
Chery M11 (A3), 2010;https://www.avito.ru/sankt-peterburg/avtomobili/chery_m11_a3_2010_2289639666;180000;Парк Победы
Chery Tiggo 8 Pro, 2021;https://www.avito.ru/sankt-peterburg/avtomobili/chery_tiggo_8_pro_2021_2147094562;2219900;Волковская
Chery Tiggo 4, 2021;https://www.avito.ru/sankt-peterburg/avtomobili/chery_tiggo_4_2021_2292010794;1459900;Парнас
Chery Tiggo 4, 2021;https://www.avito.ru/sankt-peterburg/avtomobili/chery_tiggo_4_2021_2124190184;1429900;Московская
Chery Tiggo 4, 2021;https://www.avito.ru/sankt-peterburg/avtomobili/chery_tiggo_4_2021_2124414403;1229900;Московская
Chery Tiggo 4, 2021;https://www.avito.ru/sankt-peterburg/avtomobili/chery_tiggo_4_2021_2060124263;1229900;Московская
Chery Very, 2011;https://www.avito.ru/krasnodar/avtomobili/chery_very_2011_2264613701;250000;Краснодар
Chery Tiggo 4, 2021;https://www.avito.ru/moskva/avtomobili/chery_tiggo_4_2021_2282669782;494000;Москва
Chery Tiggo 7 Pro, 2021;https://www.avito.ru/sankt-peterburg/avtomobili/chery_tiggo_7_pro_2021_2243732299;1669900;Волковская
Chery Tiggo 4, 2021;https://www.avito.ru/sankt-peterburg/avtomobili/chery_tiggo_4_2021_2292702495;1249900;Парнас
Chery Tiggo 8, 2020;https://www.avito.ru/moskva/avtomobili/chery_tiggo_8_2020_2244360046;1540000;Москва
Chery Tiggo 4, 2021;https://www.avito.ru/moskva/avtomobili/chery_tiggo_4_2021_2282146814;514000;Москва
Chery Tiggo 7 Pro, 2021;https://www.avito.ru/sankt-peterburg/avtomobili/chery_tiggo_7_pro_2021_2260212327;1809900;Парнас
Chery Tiggo 7 Pro, 2021;https://www.avito.ru/sankt-peterburg/avtomobili/chery_tiggo_7_pro_2021_2285717771;1689900;Волхонское ш., 3с1
Chery Tiggo (T11), 2010;https://www.avito.ru/moskva/avtomobili/chery_tiggo_t11_2010_2299795470;340000;Москва
Chery Tiggo (T11), 2008;https://www.avito.ru/sankt-peterburg/avtomobili/chery_tiggo_t11_2008_2299866314;220000;Парнас
Chery Tiggo 8 Pro, 2021;https://www.avito.ru/moskva/avtomobili/chery_tiggo_8_pro_2021_2251212873;1140000;Москва
Chery Tiggo 5, 2017;https://www.avito.ru/sankt-peterburg/avtomobili/chery_tiggo_5_2017_2301135725;969000;Площадь Мужества
Chery Tiggo 8 Pro, 2021;https://www.avito.ru/volgodonsk/avtomobili/chery_tiggo_8_pro_2021_2248992867;2594900;Волгодонск
Chery Very, 2011;https://www.avito.ru/sankt-peterburg/avtomobili/chery_very_2011_2264316920;159000;Звёздная
Chery Tiggo 8 Pro, 2021;https://www.avito.ru/moskva/avtomobili/chery_tiggo_8_pro_2021_2282121593;1087000;Москва
Chery Amulet (A15), 2007;https://www.avito.ru/ulyanovsk/avtomobili/chery_amulet_a15_2007_2257796528;105000;Ульяновск
Chery Tiggo 8 Pro, 2021;https://www.avito.ru/volgograd/avtomobili/chery_tiggo_8_pro_2021_2246101857;2190000;Волгоград
Chery Tiggo 4, 2021;https://www.avito.ru/moskva/avtomobili/chery_tiggo_4_2021_2282530574;940000;Москва
Chery Tiggo 3, 2017;https://www.avito.ru/sankt-peterburg/avtomobili/chery_tiggo_3_2017_2224318387;620000;р-н Красносельский
Chery Bonus (A13), 2012;https://www.avito.ru/volgograd/avtomobili/chery_bonus_a13_2012_2278284828;232000;Волгоград
Chery Tiggo 8 Pro, 2021;https://www.avito.ru/sankt-peterburg/avtomobili/chery_tiggo_8_pro_2021_2157493023;1990900;Волхонское ш., 3с1
Chery Tiggo 4, 2019;https://www.avito.ru/sankt-peterburg/avtomobili/chery_tiggo_4_2019_2300953531;1380000;Волковская
Chery Tiggo 7, 2019;https://www.avito.ru/sankt-peterburg/avtomobili/chery_tiggo_7_2019_2295807938;1508000;Елизаровская
Chery Tiggo 7 Pro, 2021;https://www.avito.ru/moskva/avtomobili/chery_tiggo_7_pro_2021_2251269835;980000;Москва
Chery Tiggo (T11), 2015;https://www.avito.ru/volgograd/avtomobili/chery_tiggo_t11_2015_2245970045;489000;Волгоград
Chery Tiggo 4, 2021;https://www.avito.ru/moskva/avtomobili/chery_tiggo_4_2021_2251387334;770000;Москва
Chery Tiggo 7 Pro, 2021;https://www.avito.ru/moskva/avtomobili/chery_tiggo_7_pro_2021_2255536264;950000;Москва
Chery Bonus (A13), 2011;https://www.avito.ru/sankt-peterburg/avtomobili/chery_bonus_a13_2011_2297324054;155000;Площадь Мужества
Chery Tiggo 4, 2021;https://www.avito.ru/sankt-peterburg/avtomobili/chery_tiggo_4_2021_2179093083;1369900;Волковская
Chery QQ6 (S21), 2008;https://www.avito.ru/sankt-peterburg/avtomobili/chery_qq6_s21_2008_2265104844;99999;Выборгская
Chery Tiggo 5, 2017;https://www.avito.ru/moskva/avtomobili/chery_tiggo_5_2017_2282718179;1200000;Москва
Chery Tiggo 8 Pro, 2021;https://www.avito.ru/cherepovets/avtomobili/chery_tiggo_8_pro_2021_2272061264;2394000;Череповец
Chery Tiggo (T11), 2012;https://www.avito.ru/sankt-peterburg/avtomobili/chery_tiggo_t11_2012_2252908298;345000;Парнас
Chery Tiggo 7, 2019;https://www.avito.ru/gayduk/avtomobili/chery_tiggo_7_2019_2289725447;1296000;Новороссийск
Chery Tiggo 7 Pro, 2020;https://www.avito.ru/sankt-peterburg/avtomobili/chery_tiggo_7_pro_2020_2299605592;1899650;Проспект Ветеранов
Chery Tiggo 4, 2021;https://www.avito.ru/sankt-peterburg/avtomobili/chery_tiggo_4_2021_2157199238;1129900;Волхонское ш., 3с1
Chery Tiggo 8 Pro, 2021;https://www.avito.ru/sankt-peterburg/avtomobili/chery_tiggo_8_pro_2021_2124124752;1869900;Московская
Chery Tiggo 8 Pro, 2021;https://www.avito.ru/sankt-peterburg/avtomobili/chery_tiggo_8_pro_2021_2156339655;2069900;Московская
Chery Tiggo 8 Pro, 2021;https://www.avito.ru/sankt-peterburg/avtomobili/chery_tiggo_8_pro_2021_2156381963;1869900;Московская
Chery Tiggo 7 Pro, 2021;https://www.avito.ru/sankt-peterburg/avtomobili/chery_tiggo_7_pro_2021_2188828135;1689900;Московская
Chery Tiggo 7 Pro, 2021;https://www.avito.ru/sankt-peterburg/avtomobili/chery_tiggo_7_pro_2021_2188828135;1689900;Московская
Chery Tiggo 7 Pro, 2021;https://www.avito.ru/sankt-peterburg/avtomobili/chery_tiggo_7_pro_2021_2243469409;1789900;Волковская
Chery Tiggo 8 Pro, 2021;https://www.avito.ru/sankt-peterburg/avtomobili/chery_tiggo_8_pro_2021_2260231599;2349900;Парнас
Chery Tiggo 7 Pro, 2021;https://www.avito.ru/sankt-peterburg/avtomobili/chery_tiggo_7_pro_2021_2019782623;1669900;Волковская
Chery Tiggo 8, 2021;https://www.avito.ru/moskva/avtomobili/chery_tiggo_8_2021_2255847066;890000;Москва
Chery Tiggo 4, 2021;https://www.avito.ru/sankt-peterburg/avtomobili/chery_tiggo_4_2021_2228262968;1369900;Парнас
Chery Tiggo 7 Pro, 2021;https://www.avito.ru/sankt-peterburg/avtomobili/chery_tiggo_7_pro_2021_2060092760;1779900;Московская
Chery IndiS (S18D), 2013;https://www.avito.ru/sankt-peterburg/avtomobili/chery_indis_s18d_2013_2290134335;279000;Московская
Chery Tiggo 4, 2021;https://www.avito.ru/sankt-peterburg/avtomobili/chery_tiggo_4_2021_2060861948;1139900;Московская
Chery Tiggo (T11), 2014;https://www.avito.ru/sankt-peterburg/avtomobili/chery_tiggo_t11_2014_2290125141;499000;Московская
Chery Tiggo 8 Pro, 2021;https://www.avito.ru/sankt-peterburg/avtomobili/chery_tiggo_8_pro_2021_2260683231;2215900;Парнас
Chery Tiggo 4, 2021;https://www.avito.ru/moskva/avtomobili/chery_tiggo_4_2021_2282689791;718000;Москва
Chery Tiggo 2, 2017;https://www.avito.ru/volgograd/avtomobili/chery_tiggo_2_2017_2252936316;840000;Волгоград
Chery Tiggo 4, 2021;https://www.avito.ru/sankt-peterburg/avtomobili/chery_tiggo_4_2021_2124412952;1299900;Московская
Chery Tiggo 4, 2021;https://www.avito.ru/sankt-peterburg/avtomobili/chery_tiggo_4_2021_2060124263;1229900;Московская
Chery Tiggo 4, 2021;https://www.avito.ru/sankt-peterburg/avtomobili/chery_tiggo_4_2021_2124414403;1229900;Московская
Chery Tiggo 7 Pro, 2021;https://www.avito.ru/sankt-peterburg/avtomobili/chery_tiggo_7_pro_2021_2019197441;1759900;Волковская
Chery Tiggo 4, 2021;https://www.avito.ru/moskva/avtomobili/chery_tiggo_4_2021_2244394438;1179900;Москва
Chery Tiggo 7 Pro, 2021;https://www.avito.ru/sankt-peterburg/avtomobili/chery_tiggo_7_pro_2021_2060654263;1779900;Московская
Chery Tiggo 4, 2021;https://www.avito.ru/moskva/avtomobili/chery_tiggo_4_2021_2282019867;492000;Москва
Chery Tiggo 4, 2021;https://www.avito.ru/moskva/avtomobili/chery_tiggo_4_2021_2282862746;489000;Москва
Chery Tiggo 4, 2021;https://www.avito.ru/moskva/avtomobili/chery_tiggo_4_2021_2243926979;1179900;Москва
Chery Tiggo 4, 2021;https://www.avito.ru/moskva/avtomobili/chery_tiggo_4_2021_2281938566;1099800;Москва
Chery Tiggo 7 Pro, 2021;https://www.avito.ru/sankt-peterburg/avtomobili/chery_tiggo_7_pro_2021_1987253953;1679900;Волковская
Chery Tiggo 8 Pro, 2021;https://www.avito.ru/sankt-peterburg/avtomobili/chery_tiggo_8_pro_2021_2188776268;2219900;Московская
Chery Tiggo 8 Pro, 2021;https://www.avito.ru/sankt-peterburg/avtomobili/chery_tiggo_8_pro_2021_2147881426;2269900;Волковская
Chery Tiggo (T11), 2006;https://www.avito.ru/sankt-peterburg/avtomobili/chery_tiggo_t11_2006_2295047607;120000;р-н Красносельский
Chery Tiggo 4, 2021;https://www.avito.ru/sankt-peterburg/avtomobili/chery_tiggo_4_2021_2291954328;1459900;Парнас
Chery Tiggo 4, 2021;https://www.avito.ru/sankt-peterburg/avtomobili/chery_tiggo_4_2021_1795933781;1429900;Волковская
Chery Tiggo 4, 2021;https://www.avito.ru/sankt-peterburg/avtomobili/chery_tiggo_4_2021_2189389150;1189900;Волхонское ш., 3с1
Chery Tiggo 8 Pro, 2021;https://www.avito.ru/sankt-peterburg/avtomobili/chery_tiggo_8_pro_2021_1730982835;2269900;Волковская
Chery Tiggo 4, 2021;https://www.avito.ru/sankt-peterburg/avtomobili/chery_tiggo_4_2021_2292537536;1459900;Парнас
Chery Tiggo 5, 2016;https://www.avito.ru/volgograd/avtomobili/chery_tiggo_5_2016_2278614044;850000;Волгоград
Chery Tiggo 7 Pro, 2021;https://www.avito.ru/sankt-peterburg/avtomobili/chery_tiggo_7_pro_2021_2060392652;1689900;Московская
Chery Tiggo 8 Pro, 2021;https://www.avito.ru/sankt-peterburg/avtomobili/chery_tiggo_8_pro_2021_2179669651;2269900;Волковская
Chery Tiggo 7 Pro, 2021;https://www.avito.ru/sankt-peterburg/avtomobili/chery_tiggo_7_pro_2021_2019804542;1789900;Волковская
Chery Tiggo 5, 2014;https://www.avito.ru/moskovskaya_oblast_voskresenskoe/avtomobili/chery_tiggo_5_2014_2271387824;835000;Воскресенское
Chery Tiggo 7 Pro, 2021;https://www.avito.ru/sankt-peterburg/avtomobili/chery_tiggo_7_pro_2021_2060461624;1689900;Московская
Chery Kimo (A1), 2008;https://www.avito.ru/sankt-peterburg/avtomobili/chery_kimo_a1_2008_2220052450;150000;Чернышевская
Chery Tiggo 8 Pro, 2021;https://www.avito.ru/sankt-peterburg/avtomobili/chery_tiggo_8_pro_2021_2188294485;2219900;Московская
Chery Tiggo 4, 2021;https://www.avito.ru/sankt-peterburg/avtomobili/chery_tiggo_4_2021_2147327002;1239900;Волковская
Chery Tiggo 4, 2021;https://www.avito.ru/moskva/avtomobili/chery_tiggo_4_2021_2282515348;870000;Москва
Chery Tiggo 8, 2020;https://www.avito.ru/sankt-peterburg/avtomobili/chery_tiggo_8_2020_2257590299;1769579;Лесная
Chery Tiggo 4, 2021;https://www.avito.ru/sankt-peterburg/avtomobili/chery_tiggo_4_2021_2147721298;1469900;Волковская
Chery Tiggo 4, 2021;https://www.avito.ru/sankt-peterburg/avtomobili/chery_tiggo_4_2021_1955577465;1459900;Волковская
Chery Tiggo 4, 2019;https://www.avito.ru/orenburg/avtomobili/chery_tiggo_4_2019_2269417866;1299900;Оренбург
Chery Tiggo 7 Pro, 2021;https://www.avito.ru/sankt-peterburg/avtomobili/chery_tiggo_7_pro_2021_2092578095;1689900;Московская
Chery Tiggo 4, 2021;https://www.avito.ru/sankt-peterburg/avtomobili/chery_tiggo_4_2021_2060396825;1229900;Московская
Chery Tiggo 7, 2019;https://www.avito.ru/velikiy_novgorod/avtomobili/chery_tiggo_7_2019_2230821843;1267000;Великий Новгород
Chery Tiggo 4, 2021;https://www.avito.ru/sankt-peterburg/avtomobili/chery_tiggo_4_2021_2291898423;1459900;Парнас
Chery Tiggo 4, 2021;https://www.avito.ru/sankt-peterburg/avtomobili/chery_tiggo_4_2021_2124323735;1299900;Московская
Chery Tiggo (T11), 2014;https://www.avito.ru/cherepovets/avtomobili/chery_tiggo_t11_2014_2256634356;440000;Череповец
Chery Tiggo 8 Pro, 2021;https://www.avito.ru/sankt-peterburg/avtomobili/chery_tiggo_8_pro_2021_2179803323;2209900;Волковская
Chery Tiggo 4, 2021;https://www.avito.ru/sankt-peterburg/avtomobili/chery_tiggo_4_2021_2083155143;1409900;Волковская
Chery Tiggo 4, 2021;https://www.avito.ru/sankt-peterburg/avtomobili/chery_tiggo_4_2021_2060607264;1229900;Московская
Chery Tiggo 4, 2021;https://www.avito.ru/sankt-peterburg/avtomobili/chery_tiggo_4_2021_2124454042;1299900;Московская
Chery Tiggo 4, 2021;https://www.avito.ru/sankt-peterburg/avtomobili/chery_tiggo_4_2021_2220131456;1419900;Московская
Chery Tiggo 4, 2021;https://www.avito.ru/sankt-peterburg/avtomobili/chery_tiggo_4_2021_2290175811;1300000;Парнас
Chery Tiggo 8, 2021;https://www.avito.ru/moskva/avtomobili/chery_tiggo_8_2021_2201520431;889000;Москва
Chery Tiggo 4, 2021;https://www.avito.ru/sankt-peterburg/avtomobili/chery_tiggo_4_2021_2124581246;1299900;Московская
Chery Tiggo 4, 2021;https://www.avito.ru/sankt-peterburg/avtomobili/chery_tiggo_4_2021_2146909353;1239900;Волковская
Chery IndiS (S18D), 2011;https://www.avito.ru/sankt-peterburg/avtomobili/chery_indis_s18d_2011_2280766582;149900;Ломоносовская
Chery Tiggo 4, 2021;https://www.avito.ru/moskva/avtomobili/chery_tiggo_4_2021_2288396898;600000;Москва
Chery Tiggo 4, 2021;https://www.avito.ru/sankt-peterburg/avtomobili/chery_tiggo_4_2021_2124414403;1229900;Московская
Chery Tiggo 4, 2021;https://www.avito.ru/sankt-peterburg/avtomobili/chery_tiggo_4_2021_2060854890;1139900;Московская
Chery Tiggo 7 Pro, 2021;https://www.avito.ru/sankt-peterburg/avtomobili/chery_tiggo_7_pro_2021_2083798200;1759900;Волковская
Chery Tiggo 7 Pro, 2021;https://www.avito.ru/sankt-peterburg/avtomobili/chery_tiggo_7_pro_2021_2123970338;1779900;Московская
Chery Tiggo 4, 2021;https://www.avito.ru/moskva/avtomobili/chery_tiggo_4_2021_2282087610;948000;Москва
Chery Tiggo 7 Pro, 2021;https://www.avito.ru/sankt-peterburg/avtomobili/chery_tiggo_7_pro_2021_2060647723;1779900;Московская
Chery Tiggo 7 Pro, 2021;https://www.avito.ru/sankt-peterburg/avtomobili/chery_tiggo_7_pro_2021_1987310883;1759900;Волковская
Chery Tiggo 4, 2021;https://www.avito.ru/sankt-peterburg/avtomobili/chery_tiggo_4_2021_2060861948;1139900;Московская
Chery Tiggo 4, 2021;https://www.avito.ru/sankt-peterburg/avtomobili/chery_tiggo_4_2021_2124412952;1299900;Московская
Chery Tiggo 4, 2021;https://www.avito.ru/sankt-peterburg/avtomobili/chery_tiggo_4_2021_2155971645;1229900;Московская
Chery Tiggo 4, 2021;https://www.avito.ru/moskva/avtomobili/chery_tiggo_4_2021_2287964932;600000;Москва
Chery Tiggo 4, 2021;https://www.avito.ru/moskva/avtomobili/chery_tiggo_4_2021_2282742812;482000;Москва
Chery Tiggo 4, 2021;https://www.avito.ru/sankt-peterburg/avtomobili/chery_tiggo_4_2021_2156560120;1479900;Московская
Chery Tiggo 4, 2021;https://www.avito.ru/tonshalovo/avtomobili/chery_tiggo_4_2021_2182082105;1520000;д. Солманское
Chery Tiggo 7 Pro, 2021;https://www.avito.ru/sankt-peterburg/avtomobili/chery_tiggo_7_pro_2021_2060699511;1779900;Московская
Chery Tiggo 4, 2021;https://www.avito.ru/moskva/avtomobili/chery_tiggo_4_2021_2282471324;749000;Москва
Chery Tiggo 4, 2021;https://www.avito.ru/sankt-peterburg/avtomobili/chery_tiggo_4_2021_2060191961;1229900;Московская
Chery Tiggo 7 Pro, 2021;https://www.avito.ru/sankt-peterburg/avtomobili/chery_tiggo_7_pro_2021_2060290961;1779900;Московская
Chery Tiggo 4, 2021;https://www.avito.ru/sankt-peterburg/avtomobili/chery_tiggo_4_2021_1795227675;1399900;Волковская
Chery Tiggo 4, 2021;https://www.avito.ru/sankt-peterburg/avtomobili/chery_tiggo_4_2021_2124507031;1299900;Московская
Chery Tiggo (T11), 2013;https://www.avito.ru/moskva/avtomobili/chery_tiggo_t11_2013_2282196710;449000;Москва
Chery Tiggo 4, 2021;https://www.avito.ru/sankt-peterburg/avtomobili/chery_tiggo_4_2021_2147354857;1299900;Волковская
Chery Tiggo 4, 2021;https://www.avito.ru/moskva/avtomobili/chery_tiggo_4_2021_2255559262;509000;Москва
Chery Tiggo 4, 2021;https://www.avito.ru/sankt-peterburg/avtomobili/chery_tiggo_4_2021_2164028722;1303073;Парнас
Chery Tiggo 4, 2021;https://www.avito.ru/sankt-peterburg/avtomobili/chery_tiggo_4_2021_2147289688;1209900;Волковская
Chery Tiggo 4, 2021;https://www.avito.ru/sankt-peterburg/avtomobili/chery_tiggo_4_2021_2060864684;1229900;Московская
Chery Tiggo 7 Pro, 2021;https://www.avito.ru/vologda/avtomobili/chery_tiggo_7_pro_2021_2130956662;1639900;Вологда
Chery Tiggo 4, 2021;https://www.avito.ru/sankt-peterburg/avtomobili/chery_tiggo_4_2021_2124173292;1429900;Московская
Chery Tiggo 4, 2021;https://www.avito.ru/sankt-peterburg/avtomobili/chery_tiggo_4_2021_2060577658;1229900;Московская
Chery Tiggo 7 Pro, 2021;https://www.avito.ru/sankt-peterburg/avtomobili/chery_tiggo_7_pro_2021_2060573984;1689900;Московская
Chery Tiggo 7 Pro, 2021;https://www.avito.ru/moskva/avtomobili/chery_tiggo_7_pro_2021_2288810082;1020000;Москва
Chery Tiggo (T11), 2013;https://www.avito.ru/petrozavodsk/avtomobili/chery_tiggo_t11_2013_2240689471;465000;Петрозаводск
Chery Tiggo 4, 2021;https://www.avito.ru/nizhniy_novgorod/avtomobili/chery_tiggo_4_2021_2257564841;1026970;Нижний Новгород
Chery Tiggo 8, 2021;https://www.avito.ru/sankt-peterburg/avtomobili/chery_tiggo_8_2021_2285080084;1769900;Волхонское ш., 3с1
Chery Amulet (A15), 2008;https://www.avito.ru/murom/avtomobili/chery_amulet_a15_2008_2218775216;55000;Муром
Chery Tiggo 4, 2021;https://www.avito.ru/moskva/avtomobili/chery_tiggo_4_2021_2218297846;494000;Москва
Chery Tiggo 8 Pro, 2021;https://www.avito.ru/moskva/avtomobili/chery_tiggo_8_pro_2021_2288517007;1090000;Москва
Chery Tiggo 4, 2021;https://www.avito.ru/moskva/avtomobili/chery_tiggo_4_2021_2282521339;975000;Москва
Chery Tiggo 4, 2021;https://www.avito.ru/sankt-peterburg/avtomobili/chery_tiggo_4_2021_2019728863;1209900;Волковская
Chery Tiggo 5, 2017;https://www.avito.ru/sankt-peterburg/avtomobili/chery_tiggo_5_2017_2246493778;1089000;Бухарестская
Chery Tiggo 3, 2018;https://www.avito.ru/moskovskaya_oblast_krasnogorsk/avtomobili/chery_tiggo_3_2018_2282186712;945000;Красногорск
Chery Amulet (A15), 2007;https://www.avito.ru/sterlitamak/avtomobili/chery_amulet_a15_2007_2245033397;115000;Стерлитамак
Chery Tiggo 4, 2020;https://www.avito.ru/sankt-peterburg/avtomobili/chery_tiggo_4_2020_2290364369;1438000;Приморская
Chery Tiggo 4, 2021;https://www.avito.ru/sankt-peterburg/avtomobili/chery_tiggo_4_2021_2060629992;1139900;Московская
Chery Tiggo 4, 2021;https://www.avito.ru/moskva/avtomobili/chery_tiggo_4_2021_2282570891;749000;Москва
Chery M11 (A3), 2011;https://www.avito.ru/sankt-peterburg/avtomobili/chery_m11_a3_2011_2262258187;315000;Улица Дыбенко
Chery Tiggo (T11), 2007;https://www.avito.ru/sankt-peterburg/avtomobili/chery_tiggo_t11_2007_2255222796;115000;Проспект Ветеранов
Chery Tiggo (T11), 2006;https://www.avito.ru/sankt-peterburg/avtomobili/chery_tiggo_t11_2006_2261930579;185000;р-н Красногвардейский
Chery Tiggo 4, 2021;https://www.avito.ru/sankt-peterburg/avtomobili/chery_tiggo_4_2021_2060324518;1139900;Московская
Chery Amulet (A15), 2007;https://www.avito.ru/sankt-peterburg_pushkin/avtomobili/chery_amulet_a15_2007_2245040978;85000;Пушкин
Chery Tiggo 4, 2021;https://www.avito.ru/sankt-peterburg/avtomobili/chery_tiggo_4_2021_2060124945;1139900;Московская
Chery Tiggo 2, 2017;https://www.avito.ru/sankt-peterburg/avtomobili/chery_tiggo_2_2017_2212096615;590000;Выборгская
Chery Tiggo 4, 2021;https://www.avito.ru/sankt-peterburg/avtomobili/chery_tiggo_4_2021_2092163417;1139900;Московская
Chery Tiggo (T11), 2010;https://www.avito.ru/sankt-peterburg_kolpino/avtomobili/chery_tiggo_t11_2010_2149077175;190000;Колпино
Chery IndiS (S18D), 2014;https://www.avito.ru/sankt-peterburg/avtomobili/chery_indis_s18d_2014_2275830495;349000;Старая деревня
Chery Tiggo 4, 2021;https://www.avito.ru/sankt-peterburg/avtomobili/chery_tiggo_4_2021_2060739457;1479900;Московская
Chery Tiggo 4, 2021;https://www.avito.ru/sankt-peterburg/avtomobili/chery_tiggo_4_2021_2147680341;1169900;Волковская
Chery Tiggo 7 Pro, 2021;https://www.avito.ru/sankt-peterburg/avtomobili/chery_tiggo_7_pro_2021_1987310883;1759900;Волковская
Chery Tiggo 4, 2021;https://www.avito.ru/sankt-peterburg/avtomobili/chery_tiggo_4_2021_2060861948;1139900;Московская
Chery Tiggo (T11), 2007;https://www.avito.ru/moskva/avtomobili/chery_tiggo_t11_2007_2239437802;193546;Москва
Chery Tiggo 2, 2017;https://www.avito.ru/kazan/avtomobili/chery_tiggo_2_2017_2240890198;615000;Казань
Chery Tiggo (T11), 2013;https://www.avito.ru/sankt-peterburg/avtomobili/chery_tiggo_t11_2013_2274677178;447000;Ладожская
Chery IndiS (S18D), 2013;https://www.avito.ru/sankt-peterburg/avtomobili/chery_indis_s18d_2013_2290134335;279000;Московская
Chery Tiggo (T11), 2014;https://www.avito.ru/sankt-peterburg/avtomobili/chery_tiggo_t11_2014_2290125141;499000;Московская
Chery Tiggo 4, 2021;https://www.avito.ru/sankt-peterburg/avtomobili/chery_tiggo_4_2021_2124414403;1229900;Московская
Chery Tiggo 4, 2021;https://www.avito.ru/moskva/avtomobili/chery_tiggo_4_2021_2282088609;1090000;Москва
Chery Tiggo 3, 2017;https://www.avito.ru/tver/avtomobili/chery_tiggo_3_2017_2286609564;720000;Тверь
Chery Fora (A21), 2007;https://www.avito.ru/sankt-peterburg/avtomobili/chery_fora_a21_2007_2285822471;115000;Ладожская
Chery Tiggo 4, 2021;https://www.avito.ru/moskva/avtomobili/chery_tiggo_4_2021_2255619015;489000;Москва
Chery CrossEastar (B14), 2010;https://www.avito.ru/cherepovets/avtomobili/chery_crosseastar_b14_2010_2256128344;380000;Череповец
Chery Tiggo (T11), 2012;https://www.avito.ru/sankt-peterburg/avtomobili/chery_tiggo_t11_2012_2294959793;309000;Автово
Chery Tiggo (T11), 2010;https://www.avito.ru/sankt-peterburg/avtomobili/chery_tiggo_t11_2010_2283387298;235000;Ладожская
Chery Amulet (A15), 2006;https://www.avito.ru/sankt-peterburg/avtomobili/chery_amulet_a15_2006_2233751535;81048;Адмиралтейская
Chery Bonus 3 (E3), 2014;https://www.avito.ru/sankt-peterburg/avtomobili/chery_bonus_3_e3_2014_2240565726;295000;Чкаловская
Chery Tiggo 4, 2021;https://www.avito.ru/volgodonsk/avtomobili/chery_tiggo_4_2021_2248893823;1644900;Волгодонск
Chery Tiggo (T11), 2007;https://www.avito.ru/sankt-peterburg/avtomobili/chery_tiggo_t11_2007_2233734649;150000;Автово
Chery Tiggo 5, 2015;https://www.avito.ru/arhangelsk/avtomobili/chery_tiggo_5_2015_2255772681;749000;Архангельск
Chery Tiggo (T11), 2013;https://www.avito.ru/sankt-peterburg/avtomobili/chery_tiggo_t11_2013_2251465688;350000;Адмиралтейская
Chery Tiggo 5, 2017;https://www.avito.ru/krasnodar/avtomobili/chery_tiggo_5_2017_2290262280;970000;Краснодар
Chery Amulet (A15), 2008;https://www.avito.ru/sankt-peterburg/avtomobili/chery_amulet_a15_2008_2273630871;160000;Проспект Славы
Chery Tiggo 7 Pro, 2020;https://www.avito.ru/moskva/avtomobili/chery_tiggo_7_pro_2020_2271414782;1919000;Москва
Chery Tiggo (T11), 2012;https://www.avito.ru/moskva/avtomobili/chery_tiggo_t11_2012_2282412586;345000;Москва
Chery Tiggo 8, 2021;https://www.avito.ru/sankt-peterburg/avtomobili/chery_tiggo_8_2021_2278589704;2100000;Академическая
Chery Tiggo 8, 2021;https://www.avito.ru/sankt-peterburg/avtomobili/chery_tiggo_8_2021_2292747467;1828600;Парнас
Chery Tiggo (T11), 2010;https://www.avito.ru/yaroslavl/avtomobili/chery_tiggo_t11_2010_2300644980;315000;Ярославль
Chery Bonus (A13), 2012;https://www.avito.ru/sankt-peterburg/avtomobili/chery_bonus_a13_2012_2170217061;130000;Ладожская
Chery Tiggo 7, 2019;https://www.avito.ru/velikiy_novgorod/avtomobili/chery_tiggo_7_2019_2294481472;1399000;Великий Новгород
Chery M11 (A3), 2010;https://www.avito.ru/sankt-peterburg/avtomobili/chery_m11_a3_2010_2281601048;199000;Автово
Chery Tiggo (T11), 2007;https://www.avito.ru/sankt-peterburg/avtomobili/chery_tiggo_t11_2007_2282863245;180000;Купчино
Chery Tiggo (T11), 2010;https://www.avito.ru/sankt-peterburg/avtomobili/chery_tiggo_t11_2010_2285094713;249000;Парнас
Chery Tiggo 7, 2019;https://www.avito.ru/gayduk/avtomobili/chery_tiggo_7_2019_2289829305;1356000;Новороссийск
Chery Tiggo (T11), 2010;https://www.avito.ru/tolyatti/avtomobili/chery_tiggo_t11_2010_2273252795;299000;Тольятти
Chery Very, 2012;https://www.avito.ru/cherepovets/avtomobili/chery_very_2012_2256858022;195000;Череповец
Chery Very, 2011;https://www.avito.ru/sankt-peterburg/avtomobili/chery_very_2011_2273666075;230000;Проспект Просвещения
Chery Tiggo 5, 2014;https://www.avito.ru/sankt-peterburg/avtomobili/chery_tiggo_5_2014_2196661238;519000;Парнас
Chery Amulet (A15), 2007;https://www.avito.ru/sankt-peterburg_pushkin/avtomobili/chery_amulet_a15_2007_2191839240;130000;Пушкин
Chery Tiggo (T11), 2013;https://www.avito.ru/sankt-peterburg/avtomobili/chery_tiggo_t11_2013_2276132848;350000;р-н Приморский
Chery Amulet (A15), 2007;https://www.avito.ru/sankt-peterburg/avtomobili/chery_amulet_a15_2007_2270962331;50000;Проспект Просвещения
Chery IndiS (S18D), 2014;https://www.avito.ru/sankt-peterburg/avtomobili/chery_indis_s18d_2014_2261680155;280000;р-н Красносельский
Chery Tiggo 4, 2021;https://www.avito.ru/moskva/avtomobili/chery_tiggo_4_2021_2255738053;494000;Москва
Chery Tiggo (T11), 2007;https://www.avito.ru/volgograd/avtomobili/chery_tiggo_t11_2007_2275154634;285000;Волгоград
Chery Fora (A21), 2007;https://www.avito.ru/sankt-peterburg/avtomobili/chery_fora_a21_2007_2276046143;159000;Ладожская
Chery Tiggo 7 Pro, 2021;https://www.avito.ru/kudrovo/avtomobili/chery_tiggo_7_pro_2021_2276239514;1770000;Кудрово
Chery Tiggo 4, 2020;https://www.avito.ru/krasnodar/avtomobili/chery_tiggo_4_2020_2264669740;1278000;Краснодар
Chery IndiS (S18D), 2012;https://www.avito.ru/sankt-peterburg/avtomobili/chery_indis_s18d_2012_2276717183;210000;Проспект Ветеранов
Chery Tiggo 7 Pro, 2021;https://www.avito.ru/moskva/avtomobili/chery_tiggo_7_pro_2021_2222981627;950000;Москва
Chery Tiggo (T11), 2007;https://www.avito.ru/sankt-peterburg/avtomobili/chery_tiggo_t11_2007_2230851485;110000;Ленинский проспект
Chery Tiggo 4, 2021;https://www.avito.ru/barnaul/avtomobili/chery_tiggo_4_2021_2271039531;1359900;Барнаул
Chery Tiggo 3, 2019;https://www.avito.ru/moskva/avtomobili/chery_tiggo_3_2019_2240056510;699000;Москва
Chery Tiggo (T11), 2007;https://www.avito.ru/sankt-peterburg/avtomobili/chery_tiggo_t11_2007_2149320524;130000;Комендантский проспект
Chery Tiggo 4, 2021;https://www.avito.ru/moskva/avtomobili/chery_tiggo_4_2021_2190989744;539000;Москва
Chery IndiS (S18D), 2012;https://www.avito.ru/orenburg/avtomobili/chery_indis_s18d_2012_2300634511;279000;Оренбург
Chery Tiggo 4, 2021;https://www.avito.ru/sankt-peterburg/avtomobili/chery_tiggo_4_2021_2147680341;1169900;Волковская
Chery Tiggo 4, 2021;https://www.avito.ru/sankt-peterburg/avtomobili/chery_tiggo_4_2021_2124414403;1229900;Московская
Chery Tiggo 4, 2021;https://www.avito.ru/sankt-peterburg/avtomobili/chery_tiggo_4_2021_2060854890;1139900;Московская
Chery Tiggo (T11), 2015;https://www.avito.ru/dzerzhinsk/avtomobili/chery_tiggo_t11_2015_2248605892;569000;Дзержинск
Chery Tiggo (T11), 2013;https://www.avito.ru/samara/avtomobili/chery_tiggo_t11_2013_2258906107;398000;Самара
Chery Tiggo 8, 2021;https://www.avito.ru/moskva/avtomobili/chery_tiggo_8_2021_2272824800;1209000;Москва
Chery Tiggo 4, 2021;https://www.avito.ru/sankt-peterburg/avtomobili/chery_tiggo_4_2021_2124190184;1429900;Московская
Chery Tiggo 4, 2021;https://www.avito.ru/sankt-peterburg/avtomobili/chery_tiggo_4_2021_2124073413;1299900;Московская
Chery Tiggo 7 Pro, 2021;https://www.avito.ru/sankt-peterburg/avtomobili/chery_tiggo_7_pro_2021_1987310883;1759900;Волковская
Chery Tiggo 4, 2021;https://www.avito.ru/moskva/avtomobili/chery_tiggo_4_2021_2222917672;629000;Москва
Chery Very, 2012;https://www.avito.ru/nizhniy_novgorod/avtomobili/chery_very_2012_2197206797;199777;Нижний Новгород
Chery Tiggo 3, 2018;https://www.avito.ru/astrahan/avtomobili/chery_tiggo_3_2018_2248258642;969000;Астрахань
Chery Tiggo (T11), 2012;https://www.avito.ru/nizhniy_novgorod/avtomobili/chery_tiggo_t11_2012_2293774327;339777;Нижний Новгород
Chery Tiggo 8, 2021;https://www.avito.ru/sankt-peterburg/avtomobili/chery_tiggo_8_2021_2292787059;1799000;Парнас
Chery Tiggo (T11), 2013;https://www.avito.ru/cherepovets/avtomobili/chery_tiggo_t11_2013_2272559917;432000;Череповец
Chery IndiS (S18D), 2013;https://www.avito.ru/sankt-peterburg/avtomobili/chery_indis_s18d_2013_2141843647;225000;Улица Дыбенко
Chery Tiggo 8, 2021;https://www.avito.ru/sankt-peterburg/avtomobili/chery_tiggo_8_2021_1891906015;1769900;Волковская
Chery Fora (A21), 2007;https://www.avito.ru/sankt-peterburg/avtomobili/chery_fora_a21_2007_2255810100;199000;Академическая
Chery Tiggo (T11), 2013;https://www.avito.ru/sankt-peterburg/avtomobili/chery_tiggo_t11_2013_2300071160;399000;Автово
Chery IndiS (S18D), 2013;https://www.avito.ru/sankt-peterburg/avtomobili/chery_indis_s18d_2013_2290134335;279000;Московская
Chery Tiggo (T11), 2011;https://www.avito.ru/moskva/avtomobili/chery_tiggo_t11_2011_2271573405;355000;Москва
Chery Fora (A21), 2007;https://www.avito.ru/sankt-peterburg/avtomobili/chery_fora_a21_2007_2236455526;230000;Автово
Chery Tiggo 8, 2021;https://www.avito.ru/sankt-peterburg/avtomobili/chery_tiggo_8_2021_2147205406;1679900;Волковская
Chery Tiggo (T11), 2014;https://www.avito.ru/sankt-peterburg/avtomobili/chery_tiggo_t11_2014_2296430927;448000;Академическая
Chery Tiggo 4, 2021;https://www.avito.ru/moskva/avtomobili/chery_tiggo_4_2021_2254941280;494000;Москва
Chery Fora (A21), 2007;https://www.avito.ru/sankt-peterburg/avtomobili/chery_fora_a21_2007_2256500513;145000;Автово
Chery Amulet (A15), 2007;https://www.avito.ru/sankt-peterburg/avtomobili/chery_amulet_a15_2007_2262951622;85000;Парнас
Chery Tiggo 4, 2021;https://www.avito.ru/kazan/avtomobili/chery_tiggo_4_2021_2250569450;1199000;Казань
Chery Tiggo 8, 2021;https://www.avito.ru/sankt-peterburg/avtomobili/chery_tiggo_8_2021_2082910616;1709900;Волковская
Chery Tiggo 8, 2020;https://www.avito.ru/sankt-peterburg/avtomobili/chery_tiggo_8_2020_2291434772;1838000;Волхонское ш., 3с1
Chery Tiggo 8, 2021;https://www.avito.ru/sankt-peterburg/avtomobili/chery_tiggo_8_2021_1955361532;1769900;Волковская
Chery QQ6 (S21), 2008;https://www.avito.ru/velikiy_novgorod/avtomobili/chery_qq6_s21_2008_2294328998;165000;Великий Новгород
Chery M11 (A3), 2013;https://www.avito.ru/sankt-peterburg/avtomobili/chery_m11_a3_2013_2182606448;125000;Ладожская
Chery Tiggo 5, 2015;https://www.avito.ru/sankt-peterburg/avtomobili/chery_tiggo_5_2015_2301008874;949000;Улица Дыбенко
Chery Tiggo 3, 2018;https://www.avito.ru/moskovskaya_oblast_voskresenskoe/avtomobili/chery_tiggo_3_2018_2271341393;935000;Воскресенское
Chery Tiggo 8, 2021;https://www.avito.ru/nizhniy_novgorod/avtomobili/chery_tiggo_8_2021_2257118485;1599000;Нижний Новгород
Chery Fora (A21), 2007;https://www.avito.ru/sankt-peterburg/avtomobili/chery_fora_a21_2007_2281384763;149000;Автово
Chery Tiggo 4, 2021;https://www.avito.ru/sankt-peterburg/avtomobili/chery_tiggo_4_2021_2246788357;942000;Звёздная
Chery Tiggo 4, 2020;https://www.avito.ru/sankt-peterburg/avtomobili/chery_tiggo_4_2020_2254550083;1299000;Дунайская
Chery Tiggo 3, 2017;https://www.avito.ru/sankt-peterburg/avtomobili/chery_tiggo_3_2017_2272480934;780000;Лесная
Chery M11 (A3), 2010;https://www.avito.ru/sankt-peterburg/avtomobili/chery_m11_a3_2010_2272716733;150000;Бухарестская
Chery Tiggo 7 Pro, 2020;https://www.avito.ru/sankt-peterburg/avtomobili/chery_tiggo_7_pro_2020_2289491255;1799000;Ленинский проспект
Chery Tiggo 4, 2021;https://www.avito.ru/moskva/avtomobili/chery_tiggo_4_2021_2191697959;719000;Москва
Chery Tiggo 8 Pro, 2021;https://www.avito.ru/barnaul/avtomobili/chery_tiggo_8_pro_2021_2207507018;2219900;Барнаул
Chery Tiggo 7 Pro, 2021;https://www.avito.ru/himki/avtomobili/chery_tiggo_7_pro_2021_2244382312;1899000;Москва
Chery Tiggo 8, 2021;https://www.avito.ru/sankt-peterburg/avtomobili/chery_tiggo_8_2021_2019640175;1609900;Волковская
Chery Very, 2011;https://www.avito.ru/sankt-peterburg/avtomobili/chery_very_2011_2253508472;215000;Парнас
Chery Tiggo (T11), 2011;https://www.avito.ru/sankt-peterburg/avtomobili/chery_tiggo_t11_2011_2285211331;295000;Парнас
Chery Tiggo 5, 2015;https://www.avito.ru/sankt-peterburg/avtomobili/chery_tiggo_5_2015_2247275392;890000;Старая деревня
Chery Amulet (A15), 2007;https://www.avito.ru/sankt-peterburg/avtomobili/chery_amulet_a15_2007_2271910871;90000;Бухарестская
Chery Tiggo 4, 2020;https://www.avito.ru/voronezh/avtomobili/chery_tiggo_4_2020_2259298743;1349900;Воронеж
Chery Tiggo 3, 2017;https://www.avito.ru/sankt-peterburg/avtomobili/chery_tiggo_3_2017_2205388583;729000;Улица Дыбенко
Chery Bonus (A13), 2012;https://www.avito.ru/sankt-peterburg/avtomobili/chery_bonus_a13_2012_2269529761;299000;Улица Дыбенко
Chery Tiggo (T11), 2009;https://www.avito.ru/sankt-peterburg/avtomobili/chery_tiggo_t11_2009_2265637997;200000;Старая деревня
Chery Tiggo 4, 2021;https://www.avito.ru/vologda/avtomobili/chery_tiggo_4_2021_2035550936;1079000;Вологда
Chery Tiggo (T11), 2007;https://www.avito.ru/sankt-peterburg/avtomobili/chery_tiggo_t11_2007_2250973689;105000;Московская
Chery Tiggo 4, 2021;https://www.avito.ru/sankt-peterburg/avtomobili/chery_tiggo_4_2021_2124414403;1229900;Московская
Chery Tiggo 4, 2021;https://www.avito.ru/sankt-peterburg/avtomobili/chery_tiggo_4_2021_2060861948;1139900;Московская
Chery Tiggo 4, 2021;https://www.avito.ru/sankt-peterburg/avtomobili/chery_tiggo_4_2021_2060854890;1139900;Московская
Chery QQ6 (S21), 2008;https://www.avito.ru/sankt-peterburg/avtomobili/chery_qq6_s21_2008_2207519540;69000;Ломоносовская
Chery Tiggo 4, 2021;https://www.avito.ru/moskva/avtomobili/chery_tiggo_4_2021_2255381411;515000;Москва
Chery Tiggo (T11), 2014;https://www.avito.ru/sankt-peterburg/avtomobili/chery_tiggo_t11_2014_2268833380;500000;Площадь Мужества
Chery Tiggo 4, 2021;https://www.avito.ru/sankt-peterburg/avtomobili/chery_tiggo_4_2021_2124190184;1429900;Московская
Chery Tiggo 4, 2021;https://www.avito.ru/sankt-peterburg/avtomobili/chery_tiggo_4_2021_2124073413;1299900;Московская
Chery IndiS (S18D), 2013;https://www.avito.ru/sankt-peterburg/avtomobili/chery_indis_s18d_2013_2290134335;279000;Московская
Chery Tiggo 4, 2021;https://www.avito.ru/moskva/avtomobili/chery_tiggo_4_2021_2255310513;500000;Москва
Chery Bonus (A13), 2011;https://www.avito.ru/sankt-peterburg/avtomobili/chery_bonus_a13_2011_2247927986;120000;Ладожская
Chery Tiggo 7, 2019;https://www.avito.ru/sankt-peterburg/avtomobili/chery_tiggo_7_2019_2290815010;1300000;Приморская
Chery Tiggo 7, 2019;https://www.avito.ru/sankt-peterburg/avtomobili/chery_tiggo_7_2019_2240614454;1347000;Академическая
Chery Tiggo 8, 2020;https://www.avito.ru/sankt-peterburg/avtomobili/chery_tiggo_8_2020_2259782237;1878000;Волхонское ш., 3с1
Chery Tiggo (T11), 2014;https://www.avito.ru/engels/avtomobili/chery_tiggo_t11_2014_2147236652;500000;Энгельс
Chery Tiggo 7 Pro, 2021;https://www.avito.ru/moskva/avtomobili/chery_tiggo_7_pro_2021_2240326214;1099000;Москва
Chery Tiggo (T11), 2011;https://www.avito.ru/sankt-peterburg/avtomobili/chery_tiggo_t11_2011_2143558198;189999;Старая деревня
Chery Kimo (A1), 2008;https://www.avito.ru/sankt-peterburg/avtomobili/chery_kimo_a1_2008_2166861839;165000;Площадь Мужества
Chery Amulet (A15), 2007;https://www.avito.ru/sankt-peterburg/avtomobili/chery_amulet_a15_2007_2166772233;140000;Комендантский проспект
Chery Tiggo 8 Pro, 2021;https://www.avito.ru/cherepovets/avtomobili/chery_tiggo_8_pro_2021_2214062399;2450000;Череповец
Chery Tiggo 7 Pro, 2021;https://www.avito.ru/moskva/avtomobili/chery_tiggo_7_pro_2021_2158937018;1009000;Москва
Chery Tiggo (T11), 2011;https://www.avito.ru/sankt-peterburg/avtomobili/chery_tiggo_t11_2011_2273519800;297700;Автово
Chery Tiggo 8 Pro, 2021;https://www.avito.ru/barnaul/avtomobili/chery_tiggo_8_pro_2021_2207604079;2219900;Барнаул
Chery IndiS (S18D), 2011;https://www.avito.ru/nizhniy_novgorod/avtomobili/chery_indis_s18d_2011_2293508624;259999;Нижний Новгород
Chery QQ6 (S21), 2009;https://www.avito.ru/sankt-peterburg/avtomobili/chery_qq6_s21_2009_2265110732;189000;Проспект Ветеранов
Chery Tiggo 4, 2021;https://www.avito.ru/vologda/avtomobili/chery_tiggo_4_2021_2099169685;1099000;Вологда
Chery Tiggo (T11), 2014;https://www.avito.ru/podolsk/avtomobili/chery_tiggo_t11_2014_2276713216;450001;Подольск
Chery Tiggo (T11), 2012;https://www.avito.ru/samara/avtomobili/chery_tiggo_t11_2012_2291028793;440000;Самара
Chery Bonus 3 (E3), 2014;https://www.avito.ru/sankt-peterburg/avtomobili/chery_bonus_3_e3_2014_2269446120;335000;Звёздная
Chery Tiggo 4, 2020;https://www.avito.ru/moskva/avtomobili/chery_tiggo_4_2020_2250756135;1350000;Москва
Chery Tiggo 7 Pro, 2021;https://www.avito.ru/nizhniy_novgorod/avtomobili/chery_tiggo_7_pro_2021_2289258430;1322775;Нижний Новгород
Chery Tiggo 5, 2017;https://www.avito.ru/sankt-peterburg/avtomobili/chery_tiggo_5_2017_2295760094;1282000;Гражданский проспект
Chery QQ6 (S21), 2009;https://www.avito.ru/sankt-peterburg/avtomobili/chery_qq6_s21_2009_2037780157;90000;пос. Парголово, ул. Первого Мая, 67
Chery Tiggo 7 Pro, 2021;https://www.avito.ru/krasnodar/avtomobili/chery_tiggo_7_pro_2021_2274464328;1883000;Краснодар
Chery QQ6 (S21), 2008;https://www.avito.ru/sankt-peterburg/avtomobili/chery_qq6_s21_2008_2282801775;130000;Гражданский проспект
Chery Tiggo 4, 2021;https://www.avito.ru/sankt-peterburg/avtomobili/chery_tiggo_4_2021_2246278028;942000;Звёздная
Chery Amulet (A15), 2007;https://www.avito.ru/sankt-peterburg/avtomobili/chery_amulet_a15_2007_2249365022;63700;Маяковская
Chery Tiggo 4, 2021;https://www.avito.ru/moskva/avtomobili/chery_tiggo_4_2021_2159520143;569000;Москва
Chery CrossEastar (B14), 2009;https://www.avito.ru/sankt-peterburg/avtomobili/chery_crosseastar_b14_2009_2290840968;240000;р-н Московский
Chery Tiggo 7 Pro, 2020;https://www.avito.ru/moskovskaya_oblast_krasnogorsk/avtomobili/chery_tiggo_7_pro_2020_2282167178;1855000;Красногорск
Chery Tiggo (T11), 2013;https://www.avito.ru/sankt-peterburg/avtomobili/chery_tiggo_t11_2013_2245721890;455000;Озерки
Chery Tiggo 4, 2021;https://www.avito.ru/sankt-peterburg/avtomobili/chery_tiggo_4_2021_2246848683;942000;Звёздная
Chery Tiggo 4, 2021;https://www.avito.ru/moskva/avtomobili/chery_tiggo_4_2021_2223042282;529000;Москва
Chery Fora (A21), 2007;https://www.avito.ru/orenburg/avtomobili/chery_fora_a21_2007_2269654429;229000;Оренбург
Chery Tiggo (T11), 2007;https://www.avito.ru/sankt-peterburg/avtomobili/chery_tiggo_t11_2007_2269597020;99000;Ладожская
Chery Tiggo 5, 2018;https://www.avito.ru/sankt-peterburg/avtomobili/chery_tiggo_5_2018_2295298575;1159000;Гражданский проспект
Chery Tiggo 7 Pro, 2021;https://www.avito.ru/moskva/avtomobili/chery_tiggo_7_pro_2021_2190999863;979000;Москва
Chery Tiggo (T11), 2008;https://www.avito.ru/sankt-peterburg/avtomobili/chery_tiggo_t11_2008_2249867349;399000;Площадь Мужества
Chery Tiggo 3, 2017;https://www.avito.ru/sankt-peterburg/avtomobili/chery_tiggo_3_2017_2247521743;850000;Старая деревня
Chery IndiS (S18D), 2012;https://www.avito.ru/volgograd/avtomobili/chery_indis_s18d_2012_2253294552;265000;Волгоград
Chery Tiggo 7 Pro, 2021;https://www.avito.ru/moskva/avtomobili/chery_tiggo_7_pro_2021_2223311103;989000;Москва
Chery Tiggo 7 Pro, 2021;https://www.avito.ru/moskva/avtomobili/chery_tiggo_7_pro_2021_2223322704;941000;Москва
Chery Tiggo 7 Pro, 2021;https://www.avito.ru/sankt-peterburg/avtomobili/chery_tiggo_7_pro_2021_2262879844;1933425;Елизаровская
Chery Tiggo 8, 2020;https://www.avito.ru/moskva/avtomobili/chery_tiggo_8_2020_2243696867;1899000;Москва
Chery Tiggo (T11), 2007;https://www.avito.ru/volgograd/avtomobili/chery_tiggo_t11_2007_2243728361;269000;Волгоград
Chery Tiggo 4, 2021;https://www.avito.ru/barnaul/avtomobili/chery_tiggo_4_2021_2175694746;1320990;Барнаул
Chery Tiggo (T11), 2014;https://www.avito.ru/sankt-peterburg/avtomobili/chery_tiggo_t11_2014_2290125141;499000;Московская
Chery Tiggo 4, 2021;https://www.avito.ru/sankt-peterburg/avtomobili/chery_tiggo_4_2021_1955875497;1469900;Волковская
Chery Tiggo 4, 2021;https://www.avito.ru/sankt-peterburg/avtomobili/chery_tiggo_4_2021_2124412952;1299900;Московская
Chery Tiggo 4, 2021;https://www.avito.ru/moskva/avtomobili/chery_tiggo_4_2021_2191570609;529000;Москва
Chery Tiggo (T11), 2011;https://www.avito.ru/tolyatti/avtomobili/chery_tiggo_t11_2011_2273354041;315000;Тольятти
Chery Tiggo 7 Pro, 2021;https://www.avito.ru/moskva/avtomobili/chery_tiggo_7_pro_2021_2191417241;989000;Москва
Chery Tiggo 4, 2021;https://www.avito.ru/sankt-peterburg/avtomobili/chery_tiggo_4_2021_2124073413;1299900;Московская
Chery Tiggo 7 Pro, 2021;https://www.avito.ru/sankt-peterburg/avtomobili/chery_tiggo_7_pro_2021_2083798200;1759900;Волковская
Chery Tiggo 4, 2021;https://www.avito.ru/sankt-peterburg/avtomobili/chery_tiggo_4_2021_2253570415;1219900;Волхонское ш., 3с1
Chery Fora (A21), 2007;https://www.avito.ru/sankt-peterburg/avtomobili/chery_fora_a21_2007_2224818595;200000;р-н Красносельский
Chery Tiggo 4, 2019;https://www.avito.ru/sankt-peterburg/avtomobili/chery_tiggo_4_2019_2256946439;1239539;Лесная
Chery Tiggo 4, 2021;https://www.avito.ru/moskva/avtomobili/chery_tiggo_4_2021_2191541417;599000;Москва
Chery Tiggo 4, 2021;https://www.avito.ru/himki/avtomobili/chery_tiggo_4_2021_2244159558;1590000;Москва
Chery Tiggo (T11), 2013;https://www.avito.ru/penza/avtomobili/chery_tiggo_t11_2013_2266595818;598000;Пенза
Chery Tiggo 8 Pro, 2021;https://www.avito.ru/murmansk/avtomobili/chery_tiggo_8_pro_2021_2266142189;2550000;Мурманск
Chery Tiggo (T11), 2013;https://www.avito.ru/sankt-peterburg/avtomobili/chery_tiggo_t11_2013_2200918834;450000;Автово
Chery Tiggo 8 Pro, 2021;https://www.avito.ru/vologda/avtomobili/chery_tiggo_8_pro_2021_2195663817;1829000;Вологда
Chery Tiggo 4, 2021;https://www.avito.ru/moskva/avtomobili/chery_tiggo_4_2021_2244321286;1179900;Москва
Chery Tiggo (T11), 2013;https://www.avito.ru/sankt-peterburg/avtomobili/chery_tiggo_t11_2013_2247757827;725000;Старая деревня
Chery Tiggo 5, 2016;https://www.avito.ru/sankt-peterburg/avtomobili/chery_tiggo_5_2016_2257320851;1199837;Лесная
Chery Tiggo 5, 2015;https://www.avito.ru/sankt-peterburg/avtomobili/chery_tiggo_5_2015_2215467159;875000;Старая деревня
Chery Tiggo (T11), 2013;https://www.avito.ru/moskva/avtomobili/chery_tiggo_t11_2013_2280550587;498000;Москва
